{"MSE": 2.4485120667741254, "_timestamp": 1686036933.4157176, "_runtime": 19.96775770187378, "_step": 0, "_wandb": {"runtime": 19}}