{"MSE": 2.453983836538874, "_timestamp": 1686035169.8789968, "_runtime": 13.763856887817383, "_step": 0, "_wandb": {"runtime": 13}}