{"MSE": 2.46810470290032, "_timestamp": 1686036897.9772344, "_runtime": 5.984074354171753, "_step": 0, "_wandb": {"runtime": 5}}