{"MSE": 2.4489173583682358, "_timestamp": 1686036856.8269482, "_runtime": 27.415947198867798, "_step": 0, "_wandb": {"runtime": 26}}