{"MSE": 2.4495292416432104, "_timestamp": 1686036877.9841628, "_runtime": 8.0132896900177, "_step": 0, "_wandb": {"runtime": 7}}