{"MSE": 2.451381134613547, "_timestamp": 1686036812.1857417, "_runtime": 30.104862689971924, "_step": 0, "_wandb": {"runtime": 29}}